HG03673	HG03673	HG03948	HG03948	1	18369584	21680907	1:18369584:A:T	1:21680907:G:A	768	3.311	MB	0	0	0
HG00501	HG00501	HG00524	HG00524	1	34948634	38219527	1:34948634:C:T	1:38219527:C:G	576	3.271	MB	0	0	0
NA20526	NA20526	NA20792	NA20792	1	40184722	43983679	1:40184722:GA:G	1:43983679:AT:A	704	3.799	MB	0	0	0
HG00501	HG00501	HG00524	HG00524	1	46205496	50383600	1:46205496:CT:C	1:50383600:A:T	640	4.178	MB	0	0	0
HG03673	HG03673	HG03948	HG03948	1	47791180	50937848	1:47791180:C:CA	1:50937848:T:C	448	3.147	MB	0	0	0
HG02373	HG02373	HG02381	HG02381	1	46205496	51639635	1:46205496:CT:C	1:51639635:C:CAGAT	768	5.434	MB	0	0	0
NA20321	NA20321	NA20322	NA20322	1	53070732	58077903	1:53070732:A:G	1:58077903:G:A	1088	5.007	MB	0	0	0
HG02373	HG02373	HG02381	HG02381	1	54690679	62308438	1:54690679:T:C	1:62308438:A:AAAAAAAAAGGAAAAG	1536	7.618	MB	0	0	0
NA20321	NA20321	NA20322	NA20322	1	89245766	92382136	1:89245766:GT:G	1:92382136:A:C	576	3.136	MB	0	0	0
NA20289	NA20289	NA20341	NA20341	1	103009189	108609408	1:103009189:C:A	1:108609408:A:C	960	5.6	MB	0	0	0
NA20321	NA20321	NA20322	NA20322	1	106461354	109792735	1:106461354:C:CT	1:109792735:A:ACGC	576	3.331	MB	0	0	0
NA20289	NA20289	NA20341	NA20341	1	109040290	112988819	1:109040290:C:T	1:112988819:G:GA	768	3.949	MB	0	0	0
NA20289	NA20289	NA20341	NA20341	1	115423677	120561314	1:115423677:T:C	1:120561314:A:G	896	5.138	MB	0	0	0
HG00731	HG00731	HG03673	HG03673	1	121450247	142608840	1:121450247:G:T	1:142608840:A:C	64	21.159	MB	0	0	0
HG02025	HG02025	NA20898	NA20898	1	121450247	142608840	1:121450247:G:T	1:142608840:A:C	64	21.159	MB	0	0	0
HG02046	HG02046	HG03715	HG03715	1	121450247	142608840	1:121450247:G:T	1:142608840:A:C	64	21.159	MB	0	0	0
HG02046	HG02046	NA19239	NA19239	1	121450247	142608840	1:121450247:G:T	1:142608840:A:C	64	21.159	MB	0	0	0
HG02375	HG02375	NA19713	NA19713	1	121450247	142608840	1:121450247:G:T	1:142608840:A:C	64	21.159	MB	0	0	0
HG03715	HG03715	NA19239	NA19239	1	121332956	142608840	1:121332956:G:C	1:142608840:A:C	128	21.276	MB	0	0	0
NA20886	NA20886	NA20898	NA20898	1	121450247	142608840	1:121450247:G:T	1:142608840:A:C	64	21.159	MB	0	0	0
HG02025	HG02025	NA20886	NA20886	1	121450247	142965927	1:121450247:G:T	1:142965927:A:C	192	21.516	MB	0	0	0
NA20289	NA20289	NA20341	NA20341	1	149772131	153804691	1:149772131:A:G	1:153804691:CAAA:CAA	704	4.033	MB	0	0	0
NA20289	NA20289	NA20341	NA20341	1	161384355	164685976	1:161384355:C:A	1:164685976:C:T	768	3.302	MB	0	0	0
HG02373	HG02373	HG02381	HG02381	1	166480831	169647046	1:166480831:G:GA	1:169647046:G:A	640	3.166	MB	0	0	0
HG02373	HG02373	HG02381	HG02381	1	169962247	173569176	1:169962247:CT:C	1:173569176:T:C	576	3.607	MB	0	0	0
HG00501	HG00501	HG00524	HG00524	1	169650844	178531554	1:169650844:C:A	1:178531554:G:C	1344	8.881	MB	0	0	0
NA19713	NA19713	NA19985	NA19985	1	182420278	186279224	1:182420278:CA:C	1:186279224:G:T	576	3.859	MB	0	0	0
HG00501	HG00501	HG00524	HG00524	1	184755949	188345852	1:184755949:C:A	1:188345852:T:G	576	3.59	MB	0	0	0
NA20334	NA20334	NA20336	NA20336	1	183556291	190308802	1:183556291:A:G	1:190308802:C:T	1088	6.753	MB	0	0	0
NA19713	NA19713	NA19985	NA19985	1	188644759	192684466	1:188644759:T:A	1:192684466:CAG:C	640	4.04	MB	0	0	0
NA20334	NA20334	NA20336	NA20336	1	190667290	193952069	1:190667290:T:C	1:193952069:T:C	512	3.285	MB	0	0	0
HG00501	HG00501	HG00524	HG00524	1	194661783	199612515	1:194661783:C:G	1:199612515:A:G	768	4.951	MB	0	0	0
NA20334	NA20334	NA20336	NA20336	1	200871237	203887331	1:200871237:C:T	1:203887331:C:T	704	3.016	MB	0	0	0
HG00501	HG00501	HG00524	HG00524	1	201342991	204414334	1:201342991:A:G	1:204414334:G:A	704	3.071	MB	0	0	0
NA20289	NA20289	NA20341	NA20341	1	202424335	206281191	1:202424335:G:T	1:206281191:T:C	768	3.857	MB	0	0	0
NA20289	NA20289	NA20341	NA20341	1	208958523	216209482	1:208958523:T:C	1:216209482:A:G	1408	7.251	MB	0	0	0
HG03673	HG03673	HG03948	HG03948	1	212853420	216934517	1:212853420:C:A	1:216934517:T:A	704	4.081	MB	0	0	0
HG03673	HG03673	HG03948	HG03948	1	233557962	236649160	1:233557962:A:AT	1:236649160:C:CA	704	3.091	MB	0	0	0
NA19713	NA19713	NA19985	NA19985	2	23087596	27160610	2:23087596:AT:A	2:27160610:T:TTTTG	640	4.073	MB	0	0	0
NA20289	NA20289	NA20341	NA20341	2	44635164	47928197	2:44635164:CT:C	2:47928197:A:T	832	3.293	MB	0	0	0
NA20334	NA20334	NA20336	NA20336	2	45564803	49586025	2:45564803:G:A	2:49586025:CA:C	896	4.021	MB	0	0	0
NA20334	NA20334	NA20336	NA20336	2	49936747	54119870	2:49936747:G:A	2:54119870:T:C	832	4.183	MB	0	0	0
NA19713	NA19713	NA19985	NA19985	2	55074060	58565559	2:55074060:A:AT	2:58565559:A:G	640	3.491	MB	0	0	0
NA20289	NA20289	NA20341	NA20341	2	56083824	61685757	2:56083824:G:C	2:61685757:GA:G	960	5.602	MB	0	0	0
HG02046	HG02046	HG02067	HG02067	2	68320451	71528646	2:68320451:CTGTGTG:CTG	2:71528646:C:T	640	3.208	MB	0	0	0
NA20886	NA20886	NA20898	NA20898	2	72588059	76376244	2:72588059:CA:C	2:76376244:G:C	576	3.788	MB	0	0	0
NA20289	NA20289	NA20341	NA20341	2	74323895	78296967	2:74323895:CAAAA:CAAA	2:78296967:A:G	832	3.973	MB	0	0	0
NA20289	NA20289	NA20341	NA20341	2	85106194	88578543	2:85106194:CAT:C	2:88578543:C:A	512	3.472	MB	0	0	0
HG00733	HG00733	NA20895	NA20895	2	91886030	95703985	2:91886030:GAA:G	2:95703985:G:C	128	3.818	MB	0	0	0
HG01983	HG01983	HG02381	HG02381	2	92290186	95703985	2:92290186:T:C	2:95703985:G:C	64	3.414	MB	0	0	0
HG02026	HG02026	HG03715	HG03715	2	92290186	95703985	2:92290186:T:C	2:95703985:G:C	64	3.414	MB	0	0	0
HG02067	HG02067	NA20886	NA20886	2	91886030	95703985	2:91886030:GAA:G	2:95703985:G:C	128	3.818	MB	0	0	0
HG02386	HG02386	HG03713	HG03713	2	92290186	95703985	2:92290186:T:C	2:95703985:G:C	64	3.414	MB	0	0	0
NA19238	NA19238	NA19240	NA19240	2	91886030	95703985	2:91886030:GAA:G	2:95703985:G:C	128	3.818	MB	0	0	0
NA20289	NA20289	NA20341	NA20341	2	98163810	101190133	2:98163810:C:T	2:101190133:CA:C	384	3.026	MB	0	0	0
NA20289	NA20289	NA20341	NA20341	2	102632562	106804394	2:102632562:A:T	2:106804394:C:T	768	4.172	MB	0	0	0
NA19713	NA19713	NA19985	NA19985	2	118415245	121911251	2:118415245:T:G	2:121911251:A:G	576	3.496	MB	0	0	0
HG00501	HG00501	HG00524	HG00524	2	152186311	155444904	2:152186311:A:AAAGG	2:155444904:GT:G	576	3.259	MB	0	0	0
HG02046	HG02046	HG02067	HG02067	2	199657630	202851860	2:199657630:AC:A	2:202851860:CA:C	512	3.194	MB	0	0	0
HG02373	HG02373	HG02381	HG02381	2	211527827	215060512	2:211527827:GTT:GT	2:215060512:TA:TAA	640	3.533	MB	0	0	0
HG02373	HG02373	HG02381	HG02381	2	218246973	221544964	2:218246973:C:CTCTA	2:221544964:G:A	576	3.298	MB	0	0	0
HG02046	HG02046	HG02067	HG02067	2	219275823	222300133	2:219275823:T:TA	2:222300133:CAA:C	512	3.024	MB	0	0	0
NA20321	NA20321	NA20322	NA20322	2	235586325	238850102	2:235586325:A:G	2:238850102:GCACA:GCA	640	3.264	MB	0	0	0
HG00581	HG00581	HG00635	HG00635	2	236618425	240014774	2:236618425:T:C	2:240014774:A:G	704	3.396	MB	0	0	0
HG00732	HG00732	HG00733	HG00733	3	7730014	11773423	3:7730014:G:A	3:11773423:C:T	1024	4.043	MB	0	0	0
HG02373	HG02373	HG02381	HG02381	3	14817727	21310889	3:14817727:G:A	3:21310889:C:T	1216	6.493	MB	0	0	0
NA20321	NA20321	NA20322	NA20322	3	16681553	21310889	3:16681553:T:C	3:21310889:C:T	832	4.629	MB	0	0	0
NA19713	NA19713	NA19985	NA19985	3	28652053	31994421	3:28652053:GT:G	3:31994421:CT:C	768	3.342	MB	0	0	0
NA20321	NA20321	NA20322	NA20322	3	64947443	67979201	3:64947443:G:A	3:67979201:TCACACA:T	640	3.032	MB	0	0	0
HG00581	HG00581	HG00635	HG00635	3	72400081	75546426	3:72400081:A:G	3:75546426:AC:A	576	3.146	MB	0	0	0
HG00581	HG00581	HG00635	HG00635	3	77013420	81681761	3:77013420:T:A	3:81681761:G:C	640	4.668	MB	0	0	0
HG03673	HG03673	HG03948	HG03948	3	86846778	90201820	3:86846778:G:T	3:90201820:GT:G	512	3.355	MB	0	0	0
HG00702	HG00702	NA19661	NA19661	3	90211583	93833488	3:90211583:GA:G	3:93833488:A:G	64	3.622	MB	0	0	0
HG00702	HG00702	NA20341	NA20341	3	90211583	93833488	3:90211583:GA:G	3:93833488:A:G	64	3.622	MB	0	0	0
HG00731	HG00731	NA20898	NA20898	3	90211583	93833488	3:90211583:GA:G	3:93833488:A:G	64	3.622	MB	0	0	0
HG02024	HG02024	HG02375	HG02375	3	90211583	93833488	3:90211583:GA:G	3:93833488:A:G	64	3.622	MB	0	0	0
HG02024	HG02024	HG02388	HG02388	3	90211583	93833488	3:90211583:GA:G	3:93833488:A:G	64	3.622	MB	0	0	0
HG02025	HG02025	HG02371	HG02371	3	90211583	93833488	3:90211583:GA:G	3:93833488:A:G	64	3.622	MB	0	0	0
HG02025	HG02025	HG02372	HG02372	3	90211583	93833488	3:90211583:GA:G	3:93833488:A:G	64	3.622	MB	0	0	0
HG02025	HG02025	HG02373	HG02373	3	90211583	93833488	3:90211583:GA:G	3:93833488:A:G	64	3.622	MB	0	0	0
HG02026	HG02026	HG02387	HG02387	3	90211583	93833488	3:90211583:GA:G	3:93833488:A:G	64	3.622	MB	0	0	0
HG02250	HG02250	HG02377	HG02377	3	90211583	93833488	3:90211583:GA:G	3:93833488:A:G	64	3.622	MB	0	0	0
HG02371	HG02371	HG02372	HG02372	3	90211583	93833488	3:90211583:GA:G	3:93833488:A:G	64	3.622	MB	0	0	0
HG02371	HG02371	HG02373	HG02373	3	90211583	93833488	3:90211583:GA:G	3:93833488:A:G	64	3.622	MB	0	0	0
HG02372	HG02372	HG02373	HG02373	3	90211583	93833488	3:90211583:GA:G	3:93833488:A:G	64	3.622	MB	0	0	0
HG02375	HG02375	HG02388	HG02388	3	90211583	93833488	3:90211583:GA:G	3:93833488:A:G	64	3.622	MB	0	0	0
HG02386	HG02386	NA19675	NA19675	3	89095015	93833488	3:89095015:A:G	3:93833488:A:G	192	4.738	MB	0	0	0
HG03713	HG03713	HG03715	HG03715	3	89095015	93833488	3:89095015:A:G	3:93833488:A:G	192	4.738	MB	0	0	0
HG03713	HG03713	NA20895	NA20895	3	90211583	93833488	3:90211583:GA:G	3:93833488:A:G	64	3.622	MB	0	0	0
HG03715	HG03715	NA20895	NA20895	3	90211583	93833488	3:90211583:GA:G	3:93833488:A:G	64	3.622	MB	0	0	0
NA19661	NA19661	NA20341	NA20341	3	90211583	93833488	3:90211583:GA:G	3:93833488:A:G	64	3.622	MB	0	0	0
NA19678	NA19678	NA20526	NA20526	3	90211583	93833488	3:90211583:GA:G	3:93833488:A:G	64	3.622	MB	0	0	0
HG00501	HG00501	HG00524	HG00524	3	89095015	94346933	3:89095015:A:G	3:94346933:T:C	256	5.252	MB	0	0	0
HG00581	HG00581	HG00635	HG00635	3	90211583	95725433	3:90211583:GA:G	3:95725433:G:A	384	5.514	MB	0	0	0
HG00501	HG00501	HG00524	HG00524	3	99471516	102555147	3:99471516:C:A	3:102555147:G:A	448	3.084	MB	0	0	0
HG00501	HG00501	HG00524	HG00524	3	112289057	116286901	3:112289057:A:AT	3:116286901:C:T	640	3.998	MB	0	0	0
HG00501	HG00501	HG00524	HG00524	3	127878416	131375105	3:127878416:G:A	3:131375105:A:T	576	3.497	MB	0	0	0
HG02373	HG02373	HG02381	HG02381	3	126897510	132106634	3:126897510:T:TTCTA	3:132106634:G:A	960	5.209	MB	0	0	0
NA20289	NA20289	NA20341	NA20341	3	139695735	143697450	3:139695735:T:A	3:143697450:A:C	704	4.002	MB	0	0	0
HG02046	HG02046	HG02067	HG02067	3	140692486	144921313	3:140692486:G:T	3:144921313:C:CA	704	4.229	MB	0	0	0
HG02373	HG02373	HG02381	HG02381	3	148982818	153499379	3:148982818:G:A	3:153499379:T:TG	896	4.517	MB	0	0	0
HG02371	HG02371	HG02372	HG02372	3	150896477	154381756	3:150896477:A:G	3:154381756:A:G	640	3.485	MB	0	0	0
NA20289	NA20289	NA20341	NA20341	3	175414776	179390043	3:175414776:A:T	3:179390043:T:C	704	3.975	MB	0	0	0
HG02373	HG02373	HG02381	HG02381	3	176689138	181599930	3:176689138:T:C	3:181599930:GA:GAA	768	4.911	MB	0	0	0
HG00501	HG00501	HG00524	HG00524	3	190883321	194778640	3:190883321:G:A	3:194778640:T:C	1088	3.895	MB	0	0	0
HG02373	HG02373	HG02381	HG02381	4	12480889	15617591	4:12480889:A:G	4:15617591:T:C	640	3.137	MB	0	0	0
HG02373	HG02373	HG02381	HG02381	4	17007312	21497436	4:17007312:A:G	4:21497436:C:T	896	4.49	MB	0	0	0
NA20321	NA20321	NA20322	NA20322	4	18069320	22259917	4:18069320:T:A	4:22259917:CA:C	832	4.191	MB	0	0	0
HG00524	HG00524	HG02381	HG02381	4	49634845	52805949	4:49634845:T:C	4:52805949:C:G	64	3.171	MB	0	0	0
HG00524	HG00524	NA20322	NA20322	4	49634845	52805949	4:49634845:T:C	4:52805949:C:G	64	3.171	MB	0	0	0
HG00731	HG00731	HG03715	HG03715	4	49634845	52805949	4:49634845:T:C	4:52805949:C:G	64	3.171	MB	0	0	0
HG02381	HG02381	NA20322	NA20322	4	49634845	52805949	4:49634845:T:C	4:52805949:C:G	64	3.171	MB	0	0	0
NA20336	NA20336	NA20886	NA20886	4	49634845	52805949	4:49634845:T:C	4:52805949:C:G	64	3.171	MB	0	0	0
HG02046	HG02046	HG02067	HG02067	4	102125792	107296620	4:102125792:CAAAAAAAA:C	4:107296620:G:T	768	5.171	MB	0	0	0
HG00581	HG00581	HG00635	HG00635	4	113361968	116864615	4:113361968:A:AGTGTGT	4:116864615:C:A	576	3.503	MB	0	0	0
HG02373	HG02373	HG02381	HG02381	4	116867713	120104969	4:116867713:C:A	4:120104969:C:CT	512	3.237	MB	0	0	0
HG00581	HG00581	HG00635	HG00635	4	117314640	120802025	4:117314640:T:A	4:120802025:A:G	576	3.487	MB	0	0	0
NA19713	NA19713	NA19985	NA19985	4	129668169	132871205	4:129668169:GAAA:G	4:132871205:C:G	640	3.203	MB	0	0	0
HG00581	HG00581	HG00635	HG00635	4	130095095	134094887	4:130095095:C:T	4:134094887:CTT:C	832	4.0	MB	0	0	0
NA20321	NA20321	NA20322	NA20322	4	159564303	163027716	4:159564303:A:G	4:163027716:G:A	704	3.463	MB	0	0	0
NA20334	NA20334	NA20336	NA20336	4	165657005	169529920	4:165657005:CA:C	4:169529920:G:T	768	3.873	MB	0	0	0
NA20289	NA20289	NA20341	NA20341	4	172959817	176852818	4:172959817:A:C	4:176852818:A:AAT	704	3.893	MB	0	0	0
NA20321	NA20321	NA20322	NA20322	4	174400594	177795983	4:174400594:G:T	4:177795983:T:C	768	3.395	MB	0	0	0
NA20289	NA20289	NA20341	NA20341	4	177128689	180747463	4:177128689:A:G	4:180747463:A:G	960	3.619	MB	0	0	0
NA20289	NA20289	NA20341	NA20341	4	180986534	184337182	4:180986534:GT:G	4:184337182:T:A	1024	3.351	MB	0	0	0
NA20321	NA20321	NA20322	NA20322	5	4574379	7660900	5:4574379:T:C	5:7660900:T:TAA	768	3.087	MB	0	0	0
NA20289	NA20289	NA20341	NA20341	5	25487414	28855283	5:25487414:A:G	5:28855283:T:C	576	3.368	MB	0	0	0
NA20334	NA20334	NA20336	NA20336	5	28357883	31380313	5:28357883:C:A	5:31380313:G:A	576	3.022	MB	0	0	0
HG00119	HG00119	HG00124	HG00124	5	46177120	49407568	5:46177120:G:A	5:49407568:G:A	64	3.23	MB	0	0	0
HG00119	HG00119	HG02025	HG02025	5	45814273	49407568	5:45814273:A:T	5:49407568:G:A	128	3.593	MB	0	0	0
HG00119	HG00119	HG02353	HG02353	5	45814273	49407568	5:45814273:A:T	5:49407568:G:A	128	3.593	MB	0	0	0
HG00119	HG00119	NA20334	NA20334	5	46177120	49407568	5:46177120:G:A	5:49407568:G:A	64	3.23	MB	0	0	0
HG00124	HG00124	HG02353	HG02353	5	46177120	49407568	5:46177120:G:A	5:49407568:G:A	64	3.23	MB	0	0	0
HG00124	HG00124	NA20334	NA20334	5	46177120	49407568	5:46177120:G:A	5:49407568:G:A	64	3.23	MB	0	0	0
HG00501	HG00501	HG00581	HG00581	5	45814273	49407568	5:45814273:A:T	5:49407568:G:A	128	3.593	MB	0	0	0
HG00501	HG00501	HG00702	HG00702	5	45814273	49407568	5:45814273:A:T	5:49407568:G:A	128	3.593	MB	0	0	0
HG00501	HG00501	HG02250	HG02250	5	45814273	49407568	5:45814273:A:T	5:49407568:G:A	128	3.593	MB	0	0	0
HG00501	HG00501	HG02363	HG02363	5	45814273	49407568	5:45814273:A:T	5:49407568:G:A	128	3.593	MB	0	0	0
HG00501	HG00501	HG02387	HG02387	5	46177120	49407568	5:46177120:G:A	5:49407568:G:A	64	3.23	MB	0	0	0
HG00501	HG00501	HG02388	HG02388	5	45814273	49407568	5:45814273:A:T	5:49407568:G:A	128	3.593	MB	0	0	0
HG00501	HG00501	HG03948	HG03948	5	46177120	49407568	5:46177120:G:A	5:49407568:G:A	64	3.23	MB	0	0	0
HG00501	HG00501	NA19661	NA19661	5	45814273	49407568	5:45814273:A:T	5:49407568:G:A	128	3.593	MB	0	0	0
HG00501	HG00501	NA20895	NA20895	5	46177120	49407568	5:46177120:G:A	5:49407568:G:A	64	3.23	MB	0	0	0
HG00501	HG00501	NA20898	NA20898	5	45814273	49407568	5:45814273:A:T	5:49407568:G:A	128	3.593	MB	0	0	0
HG00524	HG00524	HG02386	HG02386	5	46177120	49407568	5:46177120:G:A	5:49407568:G:A	64	3.23	MB	0	0	0
HG00524	HG00524	NA19678	NA19678	5	46177120	49407568	5:46177120:G:A	5:49407568:G:A	64	3.23	MB	0	0	0
HG00581	HG00581	HG00702	HG00702	5	45256474	49407568	5:45256474:TA:T	5:49407568:G:A	192	4.151	MB	0	0	0
HG00581	HG00581	HG02250	HG02250	5	45814273	49407568	5:45814273:A:T	5:49407568:G:A	128	3.593	MB	0	0	0
HG00581	HG00581	HG02363	HG02363	5	45814273	49407568	5:45814273:A:T	5:49407568:G:A	128	3.593	MB	0	0	0
HG00581	HG00581	HG02387	HG02387	5	46177120	49407568	5:46177120:G:A	5:49407568:G:A	64	3.23	MB	0	0	0
HG00581	HG00581	HG02388	HG02388	5	45814273	49407568	5:45814273:A:T	5:49407568:G:A	128	3.593	MB	0	0	0
HG00581	HG00581	HG03948	HG03948	5	46177120	49407568	5:46177120:G:A	5:49407568:G:A	64	3.23	MB	0	0	0
HG00581	HG00581	NA19661	NA19661	5	45814273	49407568	5:45814273:A:T	5:49407568:G:A	128	3.593	MB	0	0	0
HG00581	HG00581	NA20322	NA20322	5	46177120	49407568	5:46177120:G:A	5:49407568:G:A	64	3.23	MB	0	0	0
HG00581	HG00581	NA20895	NA20895	5	46177120	49407568	5:46177120:G:A	5:49407568:G:A	64	3.23	MB	0	0	0
HG00581	HG00581	NA20898	NA20898	5	45814273	49407568	5:45814273:A:T	5:49407568:G:A	128	3.593	MB	0	0	0
HG00635	HG00635	HG02377	HG02377	5	45814273	49407568	5:45814273:A:T	5:49407568:G:A	128	3.593	MB	0	0	0
HG00702	HG00702	HG02250	HG02250	5	45814273	49407568	5:45814273:A:T	5:49407568:G:A	128	3.593	MB	0	0	0
HG00702	HG00702	HG02363	HG02363	5	45814273	49407568	5:45814273:A:T	5:49407568:G:A	128	3.593	MB	0	0	0
HG00702	HG00702	HG02387	HG02387	5	46177120	49407568	5:46177120:G:A	5:49407568:G:A	64	3.23	MB	0	0	0
HG00702	HG00702	HG02388	HG02388	5	45814273	49407568	5:45814273:A:T	5:49407568:G:A	128	3.593	MB	0	0	0
HG00702	HG00702	HG03948	HG03948	5	46177120	49407568	5:46177120:G:A	5:49407568:G:A	64	3.23	MB	0	0	0
HG00702	HG00702	NA19661	NA19661	5	45814273	49407568	5:45814273:A:T	5:49407568:G:A	128	3.593	MB	0	0	0
HG00702	HG00702	NA20322	NA20322	5	46177120	49407568	5:46177120:G:A	5:49407568:G:A	64	3.23	MB	0	0	0
HG00702	HG00702	NA20895	NA20895	5	46177120	49407568	5:46177120:G:A	5:49407568:G:A	64	3.23	MB	0	0	0
HG00702	HG00702	NA20898	NA20898	5	45814273	49407568	5:45814273:A:T	5:49407568:G:A	128	3.593	MB	0	0	0
HG00731	HG00731	HG01936	HG01936	5	46177120	49407568	5:46177120:G:A	5:49407568:G:A	64	3.23	MB	0	0	0
HG00731	HG00731	HG02024	HG02024	5	46177120	49407568	5:46177120:G:A	5:49407568:G:A	64	3.23	MB	0	0	0
HG00731	HG00731	HG02026	HG02026	5	46177120	49407568	5:46177120:G:A	5:49407568:G:A	64	3.23	MB	0	0	0
HG00731	HG00731	HG03713	HG03713	5	46177120	49407568	5:46177120:G:A	5:49407568:G:A	64	3.23	MB	0	0	0
HG00731	HG00731	HG03715	HG03715	5	46177120	49407568	5:46177120:G:A	5:49407568:G:A	64	3.23	MB	0	0	0
HG00731	HG00731	NA19238	NA19238	5	46177120	49407568	5:46177120:G:A	5:49407568:G:A	64	3.23	MB	0	0	0
HG00731	HG00731	NA19660	NA19660	5	46177120	49407568	5:46177120:G:A	5:49407568:G:A	64	3.23	MB	0	0	0
HG00731	HG00731	NA19664	NA19664	5	46177120	49407568	5:46177120:G:A	5:49407568:G:A	64	3.23	MB	0	0	0
HG00731	HG00731	NA19675	NA19675	5	46177120	49407568	5:46177120:G:A	5:49407568:G:A	64	3.23	MB	0	0	0
HG00731	HG00731	NA19713	NA19713	5	46177120	49407568	5:46177120:G:A	5:49407568:G:A	64	3.23	MB	0	0	0
HG00731	HG00731	NA19985	NA19985	5	46177120	49407568	5:46177120:G:A	5:49407568:G:A	64	3.23	MB	0	0	0
HG00732	HG00732	HG03673	HG03673	5	46177120	49407568	5:46177120:G:A	5:49407568:G:A	64	3.23	MB	0	0	0
HG00732	HG00732	NA20868	NA20868	5	46177120	49407568	5:46177120:G:A	5:49407568:G:A	64	3.23	MB	0	0	1
HG00732	HG00732	NA20871	NA20871	5	46177120	49407568	5:46177120:G:A	5:49407568:G:A	64	3.23	MB	0	0	0
HG01936	HG01936	HG02024	HG02024	5	45814273	49407568	5:45814273:A:T	5:49407568:G:A	128	3.593	MB	0	0	0
HG01936	HG01936	HG02026	HG02026	5	45256474	49407568	5:45256474:TA:T	5:49407568:G:A	192	4.151	MB	0	0	0
HG01936	HG01936	HG03713	HG03713	5	46177120	49407568	5:46177120:G:A	5:49407568:G:A	64	3.23	MB	0	0	0
HG01936	HG01936	HG03715	HG03715	5	46177120	49407568	5:46177120:G:A	5:49407568:G:A	64	3.23	MB	0	0	0
HG01936	HG01936	NA19238	NA19238	5	46177120	49407568	5:46177120:G:A	5:49407568:G:A	64	3.23	MB	0	0	0
HG01936	HG01936	NA19660	NA19660	5	46177120	49407568	5:46177120:G:A	5:49407568:G:A	64	3.23	MB	0	0	0
HG01936	HG01936	NA19664	NA19664	5	46177120	49407568	5:46177120:G:A	5:49407568:G:A	64	3.23	MB	0	0	0
HG01936	HG01936	NA19675	NA19675	5	46177120	49407568	5:46177120:G:A	5:49407568:G:A	64	3.23	MB	0	0	0
HG01936	HG01936	NA19713	NA19713	5	46177120	49407568	5:46177120:G:A	5:49407568:G:A	64	3.23	MB	0	0	0
HG01936	HG01936	NA19985	NA19985	5	45814273	49407568	5:45814273:A:T	5:49407568:G:A	128	3.593	MB	0	0	0
HG01983	HG01983	HG02375	HG02375	5	46177120	49407568	5:46177120:G:A	5:49407568:G:A	64	3.23	MB	0	1	0
HG01983	HG01983	NA20321	NA20321	5	46177120	49407568	5:46177120:G:A	5:49407568:G:A	64	3.23	MB	0	1	0
HG02024	HG02024	HG02026	HG02026	5	45814273	49407568	5:45814273:A:T	5:49407568:G:A	128	3.593	MB	0	0	0
HG02024	HG02024	HG03713	HG03713	5	46177120	49407568	5:46177120:G:A	5:49407568:G:A	64	3.23	MB	0	0	0
HG02024	HG02024	HG03715	HG03715	5	46177120	49407568	5:46177120:G:A	5:49407568:G:A	64	3.23	MB	0	0	0
HG02024	HG02024	NA19238	NA19238	5	46177120	49407568	5:46177120:G:A	5:49407568:G:A	64	3.23	MB	0	0	0
HG02024	HG02024	NA19660	NA19660	5	46177120	49407568	5:46177120:G:A	5:49407568:G:A	64	3.23	MB	0	0	0
HG02024	HG02024	NA19664	NA19664	5	46177120	49407568	5:46177120:G:A	5:49407568:G:A	64	3.23	MB	0	0	0
HG02024	HG02024	NA19675	NA19675	5	46177120	49407568	5:46177120:G:A	5:49407568:G:A	64	3.23	MB	0	0	0
HG02024	HG02024	NA19713	NA19713	5	46177120	49407568	5:46177120:G:A	5:49407568:G:A	64	3.23	MB	0	0	0
HG02024	HG02024	NA19985	NA19985	5	45814273	49407568	5:45814273:A:T	5:49407568:G:A	128	3.593	MB	0	0	0
HG02025	HG02025	HG02353	HG02353	5	45814273	49407568	5:45814273:A:T	5:49407568:G:A	128	3.593	MB	0	0	0
HG02025	HG02025	NA20334	NA20334	5	46177120	49407568	5:46177120:G:A	5:49407568:G:A	64	3.23	MB	0	0	0
HG02026	HG02026	HG03713	HG03713	5	46177120	49407568	5:46177120:G:A	5:49407568:G:A	64	3.23	MB	0	0	0
HG02026	HG02026	HG03715	HG03715	5	46177120	49407568	5:46177120:G:A	5:49407568:G:A	64	3.23	MB	0	0	0
HG02026	HG02026	NA19238	NA19238	5	46177120	49407568	5:46177120:G:A	5:49407568:G:A	64	3.23	MB	0	0	0
HG02026	HG02026	NA19660	NA19660	5	46177120	49407568	5:46177120:G:A	5:49407568:G:A	64	3.23	MB	0	0	0
HG02026	HG02026	NA19664	NA19664	5	46177120	49407568	5:46177120:G:A	5:49407568:G:A	64	3.23	MB	0	0	0
HG02026	HG02026	NA19675	NA19675	5	46177120	49407568	5:46177120:G:A	5:49407568:G:A	64	3.23	MB	0	0	0
HG02026	HG02026	NA19713	NA19713	5	46177120	49407568	5:46177120:G:A	5:49407568:G:A	64	3.23	MB	0	0	0
HG02026	HG02026	NA19985	NA19985	5	45814273	49407568	5:45814273:A:T	5:49407568:G:A	128	3.593	MB	0	0	0
HG02046	HG02046	HG02067	HG02067	5	44547509	49407568	5:44547509:T:TTG	5:49407568:G:A	256	4.86	MB	0	0	1
HG02046	HG02046	NA20886	NA20886	5	46177120	49407568	5:46177120:G:A	5:49407568:G:A	64	3.23	MB	0	0	0
HG02067	HG02067	NA20886	NA20886	5	46177120	49407568	5:46177120:G:A	5:49407568:G:A	64	3.23	MB	0	1	0
HG02250	HG02250	HG02363	HG02363	5	45256474	49407568	5:45256474:TA:T	5:49407568:G:A	192	4.151	MB	0	0	0
HG02250	HG02250	HG02387	HG02387	5	46177120	49407568	5:46177120:G:A	5:49407568:G:A	64	3.23	MB	0	0	0
HG02250	HG02250	HG02388	HG02388	5	45814273	49407568	5:45814273:A:T	5:49407568:G:A	128	3.593	MB	0	0	0
HG02250	HG02250	HG03948	HG03948	5	46177120	49407568	5:46177120:G:A	5:49407568:G:A	64	3.23	MB	0	0	0
HG02250	HG02250	NA19661	NA19661	5	45814273	49407568	5:45814273:A:T	5:49407568:G:A	128	3.593	MB	0	0	0
HG02250	HG02250	NA20322	NA20322	5	46177120	49407568	5:46177120:G:A	5:49407568:G:A	64	3.23	MB	0	0	0
HG02250	HG02250	NA20895	NA20895	5	46177120	49407568	5:46177120:G:A	5:49407568:G:A	64	3.23	MB	0	0	0
HG02250	HG02250	NA20898	NA20898	5	45814273	49407568	5:45814273:A:T	5:49407568:G:A	128	3.593	MB	0	0	0
HG02353	HG02353	NA20334	NA20334	5	46177120	49407568	5:46177120:G:A	5:49407568:G:A	64	3.23	MB	0	0	0
HG02363	HG02363	HG02387	HG02387	5	46177120	49407568	5:46177120:G:A	5:49407568:G:A	64	3.23	MB	0	0	0
HG02363	HG02363	HG02388	HG02388	5	45814273	49407568	5:45814273:A:T	5:49407568:G:A	128	3.593	MB	0	0	0
HG02363	HG02363	HG03948	HG03948	5	46177120	49407568	5:46177120:G:A	5:49407568:G:A	64	3.23	MB	0	0	0
HG02363	HG02363	NA19661	NA19661	5	45814273	49407568	5:45814273:A:T	5:49407568:G:A	128	3.593	MB	0	0	0
HG02363	HG02363	NA20322	NA20322	5	46177120	49407568	5:46177120:G:A	5:49407568:G:A	64	3.23	MB	0	0	0
HG02363	HG02363	NA20895	NA20895	5	46177120	49407568	5:46177120:G:A	5:49407568:G:A	64	3.23	MB	0	0	0
HG02363	HG02363	NA20898	NA20898	5	45814273	49407568	5:45814273:A:T	5:49407568:G:A	128	3.593	MB	0	0	0
HG02372	HG02372	NA20868	NA20868	5	46177120	49407568	5:46177120:G:A	5:49407568:G:A	64	3.23	MB	0	0	1
HG02375	HG02375	NA20321	NA20321	5	46177120	49407568	5:46177120:G:A	5:49407568:G:A	64	3.23	MB	0	0	0
HG02381	HG02381	NA20341	NA20341	5	46177120	49407568	5:46177120:G:A	5:49407568:G:A	64	3.23	MB	0	0	0
HG02386	HG02386	NA19678	NA19678	5	46177120	49407568	5:46177120:G:A	5:49407568:G:A	64	3.23	MB	0	0	0
HG02387	HG02387	HG02388	HG02388	5	46177120	49407568	5:46177120:G:A	5:49407568:G:A	64	3.23	MB	0	0	0
HG02387	HG02387	HG03948	HG03948	5	45814273	49407568	5:45814273:A:T	5:49407568:G:A	128	3.593	MB	0	0	0
HG02387	HG02387	NA19661	NA19661	5	46177120	49407568	5:46177120:G:A	5:49407568:G:A	64	3.23	MB	0	0	0
HG02387	HG02387	NA20322	NA20322	5	46177120	49407568	5:46177120:G:A	5:49407568:G:A	64	3.23	MB	0	0	0
HG02387	HG02387	NA20895	NA20895	5	46177120	49407568	5:46177120:G:A	5:49407568:G:A	64	3.23	MB	0	0	0
HG02387	HG02387	NA20898	NA20898	5	46177120	49407568	5:46177120:G:A	5:49407568:G:A	64	3.23	MB	0	0	0
HG02388	HG02388	HG03948	HG03948	5	46177120	49407568	5:46177120:G:A	5:49407568:G:A	64	3.23	MB	0	0	0
HG02388	HG02388	NA19661	NA19661	5	45814273	49407568	5:45814273:A:T	5:49407568:G:A	128	3.593	MB	0	0	0
HG02388	HG02388	NA20322	NA20322	5	46177120	49407568	5:46177120:G:A	5:49407568:G:A	64	3.23	MB	0	0	0
HG02388	HG02388	NA20895	NA20895	5	46177120	49407568	5:46177120:G:A	5:49407568:G:A	64	3.23	MB	0	0	0
HG02388	HG02388	NA20898	NA20898	5	45814273	49407568	5:45814273:A:T	5:49407568:G:A	128	3.593	MB	0	0	0
HG03673	HG03673	NA20868	NA20868	5	46177120	49407568	5:46177120:G:A	5:49407568:G:A	64	3.23	MB	0	0	1
HG03673	HG03673	NA20871	NA20871	5	46177120	49407568	5:46177120:G:A	5:49407568:G:A	64	3.23	MB	0	0	0
HG03713	HG03713	HG03715	HG03715	5	45256474	49407568	5:45256474:TA:T	5:49407568:G:A	192	4.151	MB	0	0	0
HG03713	HG03713	NA19238	NA19238	5	46177120	49407568	5:46177120:G:A	5:49407568:G:A	64	3.23	MB	0	0	0
HG03713	HG03713	NA19660	NA19660	5	46177120	49407568	5:46177120:G:A	5:49407568:G:A	64	3.23	MB	0	0	0
HG03713	HG03713	NA19664	NA19664	5	46177120	49407568	5:46177120:G:A	5:49407568:G:A	64	3.23	MB	0	0	0
HG03713	HG03713	NA19675	NA19675	5	46177120	49407568	5:46177120:G:A	5:49407568:G:A	64	3.23	MB	0	0	0
HG03713	HG03713	NA19713	NA19713	5	46177120	49407568	5:46177120:G:A	5:49407568:G:A	64	3.23	MB	0	0	0
HG03713	HG03713	NA19985	NA19985	5	46177120	49407568	5:46177120:G:A	5:49407568:G:A	64	3.23	MB	0	0	0
HG03715	HG03715	NA19238	NA19238	5	46177120	49407568	5:46177120:G:A	5:49407568:G:A	64	3.23	MB	0	0	0
HG03715	HG03715	NA19660	NA19660	5	46177120	49407568	5:46177120:G:A	5:49407568:G:A	64	3.23	MB	0	0	0
HG03715	HG03715	NA19664	NA19664	5	46177120	49407568	5:46177120:G:A	5:49407568:G:A	64	3.23	MB	0	0	0
HG03715	HG03715	NA19675	NA19675	5	46177120	49407568	5:46177120:G:A	5:49407568:G:A	64	3.23	MB	0	0	0
HG03715	HG03715	NA19713	NA19713	5	46177120	49407568	5:46177120:G:A	5:49407568:G:A	64	3.23	MB	0	0	0
HG03715	HG03715	NA19985	NA19985	5	46177120	49407568	5:46177120:G:A	5:49407568:G:A	64	3.23	MB	0	0	0
HG03948	HG03948	NA19661	NA19661	5	46177120	49407568	5:46177120:G:A	5:49407568:G:A	64	3.23	MB	0	0	0
HG03948	HG03948	NA20322	NA20322	5	46177120	49407568	5:46177120:G:A	5:49407568:G:A	64	3.23	MB	0	0	0
HG03948	HG03948	NA20895	NA20895	5	46177120	49407568	5:46177120:G:A	5:49407568:G:A	64	3.23	MB	0	0	0
HG03948	HG03948	NA20898	NA20898	5	46177120	49407568	5:46177120:G:A	5:49407568:G:A	64	3.23	MB	0	0	0
NA19238	NA19238	NA19660	NA19660	5	46177120	49407568	5:46177120:G:A	5:49407568:G:A	64	3.23	MB	0	0	0
NA19238	NA19238	NA19664	NA19664	5	46177120	49407568	5:46177120:G:A	5:49407568:G:A	64	3.23	MB	0	0	0
NA19238	NA19238	NA19675	NA19675	5	46177120	49407568	5:46177120:G:A	5:49407568:G:A	64	3.23	MB	0	0	0
NA19238	NA19238	NA19713	NA19713	5	46177120	49407568	5:46177120:G:A	5:49407568:G:A	64	3.23	MB	0	0	0
NA19238	NA19238	NA19985	NA19985	5	46177120	49407568	5:46177120:G:A	5:49407568:G:A	64	3.23	MB	0	0	0
NA19311	NA19311	NA20526	NA20526	5	46177120	49407568	5:46177120:G:A	5:49407568:G:A	64	3.23	MB	0	0	0
NA19331	NA19331	NA19679	NA19679	5	46177120	49407568	5:46177120:G:A	5:49407568:G:A	64	3.23	MB	0	0	0
NA19660	NA19660	NA19664	NA19664	5	45814273	49407568	5:45814273:A:T	5:49407568:G:A	128	3.593	MB	0	0	0
NA19660	NA19660	NA19675	NA19675	5	46177120	49407568	5:46177120:G:A	5:49407568:G:A	64	3.23	MB	0	0	0
NA19660	NA19660	NA19713	NA19713	5	46177120	49407568	5:46177120:G:A	5:49407568:G:A	64	3.23	MB	0	0	0
NA19660	NA19660	NA19985	NA19985	5	46177120	49407568	5:46177120:G:A	5:49407568:G:A	64	3.23	MB	0	0	0
NA19661	NA19661	NA20322	NA20322	5	46177120	49407568	5:46177120:G:A	5:49407568:G:A	64	3.23	MB	0	0	0
NA19661	NA19661	NA20895	NA20895	5	46177120	49407568	5:46177120:G:A	5:49407568:G:A	64	3.23	MB	0	0	0
NA19661	NA19661	NA20898	NA20898	5	45256474	49407568	5:45256474:TA:T	5:49407568:G:A	192	4.151	MB	0	0	0
NA19664	NA19664	NA19675	NA19675	5	46177120	49407568	5:46177120:G:A	5:49407568:G:A	64	3.23	MB	0	0	0
NA19664	NA19664	NA19713	NA19713	5	46177120	49407568	5:46177120:G:A	5:49407568:G:A	64	3.23	MB	0	0	0
NA19664	NA19664	NA19985	NA19985	5	46177120	49407568	5:46177120:G:A	5:49407568:G:A	64	3.23	MB	0	0	0
NA19675	NA19675	NA19713	NA19713	5	46177120	49407568	5:46177120:G:A	5:49407568:G:A	64	3.23	MB	0	0	0
NA19675	NA19675	NA19985	NA19985	5	46177120	49407568	5:46177120:G:A	5:49407568:G:A	64	3.23	MB	0	0	0
NA19713	NA19713	NA19985	NA19985	5	46177120	49407568	5:46177120:G:A	5:49407568:G:A	64	3.23	MB	0	0	0
NA20322	NA20322	NA20895	NA20895	5	46177120	49407568	5:46177120:G:A	5:49407568:G:A	64	3.23	MB	0	0	0
NA20322	NA20322	NA20898	NA20898	5	46177120	49407568	5:46177120:G:A	5:49407568:G:A	64	3.23	MB	0	0	0
NA20868	NA20868	NA20871	NA20871	5	46177120	49407568	5:46177120:G:A	5:49407568:G:A	64	3.23	MB	0	1	0
NA20895	NA20895	NA20898	NA20898	5	46177120	49407568	5:46177120:G:A	5:49407568:G:A	64	3.23	MB	0	0	0
HG00124	HG00124	HG02025	HG02025	5	46177120	49445278	5:46177120:G:A	5:49445278:C:T	128	3.268	MB	0	0	0
HG00501	HG00501	NA20322	NA20322	5	46177120	49665989	5:46177120:G:A	5:49665989:T:G	192	3.489	MB	0	0	0
NA20334	NA20334	NA20336	NA20336	5	66376913	70716886	5:66376913:T:TATATA	5:70716886:GA:G	448	4.34	MB	0	0	0
HG00501	HG00501	HG00524	HG00524	5	73233935	76430636	5:73233935:T:C	5:76430636:C:G	640	3.197	MB	0	0	0
NA20334	NA20334	NA20336	NA20336	5	72473814	76762631	5:72473814:T:C	5:76762631:AT:A	832	4.289	MB	0	0	0
NA20289	NA20289	NA20341	NA20341	5	73832349	79724539	5:73832349:GAAC:G	5:79724539:C:T	1216	5.892	MB	0	0	0
NA20526	NA20526	NA20792	NA20792	5	86404513	89810208	5:86404513:AT:A	5:89810208:C:T	320	3.406	MB	0	0	0
NA20289	NA20289	NA20341	NA20341	5	90690690	96477201	5:90690690:A:G	5:96477201:A:G	768	5.787	MB	0	0	0
HG00501	HG00501	HG00524	HG00524	5	95296774	98349998	5:95296774:G:GGTGT	5:98349998:G:T	448	3.053	MB	0	0	0
NA20289	NA20289	NA20341	NA20341	5	104055261	107867810	5:104055261:A:C	5:107867810:T:C	576	3.813	MB	0	0	0
HG00501	HG00501	HG00524	HG00524	5	106391584	110534079	5:106391584:C:A	5:110534079:T:G	704	4.142	MB	0	0	0
NA20526	NA20526	NA20792	NA20792	5	109693079	113659346	5:109693079:C:G	5:113659346:AT:A	704	3.966	MB	0	0	0
HG02046	HG02046	HG02067	HG02067	5	119591129	123337348	5:119591129:A:G	5:123337348:AC:A	576	3.746	MB	0	0	0
NA20526	NA20526	NA20792	NA20792	5	127621040	131843084	5:127621040:T:C	5:131843084:T:C	576	4.222	MB	0	0	0
HG00501	HG00501	HG00524	HG00524	5	131505279	135062873	5:131505279:CTTTTTTTTTTTTTTTTTTTTT:C	5:135062873:CTATA:C	576	3.558	MB	0	0	0
NA19713	NA19713	NA19985	NA19985	5	134149075	137491833	5:134149075:C:T	5:137491833:A:AT	448	3.343	MB	0	0	0
NA20526	NA20526	NA20792	NA20792	5	141826678	145121571	5:141826678:T:C	5:145121571:TTTA:T	512	3.295	MB	0	0	0
HG02046	HG02046	HG02067	HG02067	5	150983185	156937782	5:150983185:T:C	5:156937782:C:A	1088	5.955	MB	0	0	0
